#{"t_start": 1765970312.3376234, "env_id": "ALE/Breakout-v5"}
r,l,t
2.0,247,0.476155
2.0,226,0.605814
0.0,154,0.67036
0.0,183,0.746677
